{"cameraMode":{"drawMode":0,"name":"Shaded","section":"Shading Mode"},"sceneLighting":true,"audioPlay":false,"sceneViewState":{"m_AlwaysRefresh":false,"showFog":true,"showSkybox":true,"showFlares":true,"showImageEffects":true,"showParticleSystems":true,"showVisualEffectGraphs":true,"m_FxEnabled":true},"in2DMode":false,"pivot":{"x":355.41876220703127,"y":109.62966918945313,"z":17.41046142578125},"rotation":{"x":0.00569016532972455,"y":-0.009902417659759522,"z":-0.000056152744946302846,"w":-0.9999297261238098},"size":523.3895263671875,"orthographic":false}